{"click":427,"color":{"r":0.15688587725162507,"g":0.14407970011234284,"b":0.16668500006198884,"a":1.0},"Finish":500}